,createdAt,amount,shoeSize
0,2017-12-18 19:22:15,120,7.5
1,2017-12-16 20:10:52,150,9.5
2,2017-12-16 14:09:24,175,11.5
3,2017-12-16 13:02:49,150,8.5
4,2017-12-12 11:28:47,216,12.0
5,2017-12-12 00:57:41,150,8.5
6,2017-12-11 17:13:56,150,4.0
7,2017-12-10 23:14:29,200,11.0
8,2017-12-10 14:51:25,175,12.0
9,2017-12-07 14:39:17,140,10.5
10,2017-12-06 21:35:36,150,4.5
11,2017-12-05 20:21:06,129,13.0
12,2017-12-04 19:54:28,160,8.5
13,2017-12-03 07:09:29,175,7.0
14,2017-12-03 03:22:13,150,4.0
15,2017-11-30 19:53:06,153,9.5
16,2017-11-29 21:11:55,139,9.0
17,2017-11-29 16:39:08,139,8.5
18,2017-11-28 22:43:59,150,10.5
19,2017-11-28 14:41:55,150,8.5
20,2017-11-28 03:36:32,160,8.5
21,2017-11-27 17:22:53,140,12.0
22,2017-11-27 10:30:12,150,8.0
23,2017-11-25 17:35:21,145,8.5
24,2017-11-25 17:06:29,164,10.5
25,2017-11-23 23:59:37,140,8.5
26,2017-11-20 20:06:35,150,8.5
27,2017-11-17 15:10:31,200,10.0
28,2017-11-17 11:11:11,175,11.5
29,2017-11-14 20:34:33,200,9.5
30,2017-11-14 01:27:22,130,8.5
31,2017-11-12 21:33:23,185,12.0
32,2017-11-12 21:18:31,200,9.5
33,2017-11-11 18:36:18,175,10.0
34,2017-11-11 16:37:49,150,9.5
35,2017-11-11 09:45:23,170,8.0
36,2017-11-10 23:14:30,150,9.5
37,2017-11-09 22:19:54,150,8.0
38,2017-11-09 19:37:46,140,10.0
39,2017-11-09 15:14:58,175,12.0
40,2017-11-09 13:38:01,150,8.0
41,2017-11-09 09:39:00,175,11.5
42,2017-11-09 09:02:54,175,12.0
43,2017-11-09 08:40:00,150,8.0
44,2017-11-07 19:29:09,155,12.0
45,2017-11-07 01:22:43,150,9.0
46,2017-11-05 16:24:45,175,10.5
47,2017-11-04 17:21:51,150,9.5
48,2017-11-04 12:25:10,267,9.5
49,2017-11-03 14:16:17,150,8.0
50,2017-11-02 17:03:04,129,10.5
51,2017-10-31 20:21:27,150,8.0
52,2017-10-30 14:25:09,150,9.0
53,2017-10-30 14:09:49,175,10.5
54,2017-10-30 12:48:21,129,10.5
55,2017-10-28 18:39:58,150,9.0
56,2017-10-27 17:50:16,134,8.0
57,2017-10-26 23:16:56,175,10.5
58,2017-10-24 19:17:55,170,10.0
59,2017-10-24 13:43:26,142,10.0
60,2017-10-23 13:04:33,120,9.5
61,2017-10-22 21:24:22,200,11.0
62,2017-10-21 19:11:56,196,9.5
63,2017-10-21 16:27:09,175,10.0
64,2017-10-21 03:47:35,175,10.5
65,2017-10-20 23:27:16,155,9.5
66,2017-10-20 20:10:25,140,10.0
67,2017-10-20 12:52:13,175,11.5
68,2017-10-19 11:58:23,100,9.0
69,2017-10-18 22:58:55,175,10.0
70,2017-10-17 21:55:08,175,10.0
71,2017-10-17 13:48:13,150,10.5
72,2017-10-14 22:01:18,150,12.0
73,2017-10-14 15:24:12,165,9.5
74,2017-10-13 14:51:07,125,12.0
75,2017-10-13 14:18:16,175,11.5
76,2017-10-10 17:36:28,135,7.5
77,2017-10-10 14:27:31,145,10.5
78,2017-10-10 08:25:28,175,10.0
79,2017-10-09 12:36:25,120,11.5
80,2017-10-08 14:00:03,175,10.0
81,2017-10-07 06:47:20,150,10.0
82,2017-10-06 14:22:46,165,8.0
83,2017-10-06 05:25:26,175,8.5
84,2017-10-04 16:15:39,150,8.5
85,2017-10-04 15:53:52,126,12.0
86,2017-10-04 13:31:15,150,8.5
87,2017-10-04 12:29:43,150,4.5
88,2017-10-04 04:11:06,200,11.0
89,2017-10-03 23:29:17,200,11.0
90,2017-10-03 19:41:58,160,9.5
91,2017-10-03 17:23:07,150,11.0
92,2017-10-03 08:00:47,200,11.0
93,2017-10-03 07:50:04,175,12.0
94,2017-10-03 07:31:41,175,12.0
95,2017-10-03 05:28:30,175,12.0
96,2017-10-02 14:42:45,150,9.0
97,2017-10-02 13:16:04,200,11.0
98,2017-10-02 12:56:21,175,8.5
99,2017-10-02 07:47:52,175,10.0
100,2017-10-02 07:13:29,150,9.0
101,2017-10-01 15:49:33,150,9.5
102,2017-10-01 15:26:17,150,9.0
103,2017-09-30 12:55:07,165,8.0
104,2017-09-28 23:42:50,150,9.5
105,2017-09-28 23:42:38,150,4.0
106,2017-09-28 21:06:59,169,8.5
107,2017-09-28 15:52:45,191,9.5
108,2017-09-27 07:49:04,150,9.0
109,2017-09-26 12:44:49,150,4.0
110,2017-09-25 18:46:14,150,12.0
111,2017-09-25 14:55:27,125,10.0
112,2017-09-24 15:27:00,200,11.0
113,2017-09-22 17:33:56,130,10.0
114,2017-09-22 14:26:13,150,8.5
115,2017-09-21 20:59:52,191,7.5
116,2017-09-20 15:57:25,125,12.0
117,2017-09-20 15:08:47,130,9.5
118,2017-09-20 13:31:29,175,12.0
119,2017-09-19 19:48:12,149,11.5
120,2017-09-18 21:08:23,164,8.0
121,2017-09-18 20:20:28,200,10.0
122,2017-09-17 12:50:58,175,9.5
123,2017-09-17 05:39:01,150,12.0
124,2017-09-16 14:29:46,257,9.5
125,2017-09-16 04:21:48,175,8.5
126,2017-09-14 12:27:42,191,10.0
127,2017-09-14 12:14:28,175,10.5
128,2017-09-13 15:38:21,160,9.5
129,2017-09-13 14:00:14,175,10.5
130,2017-09-12 15:20:44,140,11.5
131,2017-09-12 06:09:24,150,8.0
132,2017-09-12 03:27:36,140,9.5
133,2017-09-11 20:06:26,125,10.5
134,2017-09-10 22:04:56,175,10.5
135,2017-09-10 15:57:29,175,10.5
136,2017-09-09 13:46:21,150,12.0
137,2017-09-08 23:38:51,125,8.5
138,2017-09-08 22:12:17,130,10.5
139,2017-09-08 15:36:43,175,9.5
140,2017-09-07 15:33:52,125,10.5
141,2017-09-06 18:25:17,120,8.5
142,2017-09-06 15:13:52,216,9.5
143,2017-09-05 19:54:29,150,10.0
144,2017-09-05 14:31:12,150,12.0
145,2017-09-04 16:09:18,150,12.0
146,2017-09-02 15:52:10,150,8.5
147,2017-09-02 14:20:26,150,8.5
148,2017-09-01 18:02:04,170,7.0
149,2017-09-01 13:29:42,163,11.5
150,2017-09-01 13:10:19,150,9.0
151,2017-09-01 13:01:08,175,10.5
152,2017-08-31 22:40:50,191,9.5
153,2017-08-31 22:29:55,150,8.0
154,2017-08-30 12:52:39,150,8.0
155,2017-08-30 12:34:39,175,10.5
156,2017-08-29 20:46:00,150,9.5
157,2017-08-29 14:53:53,175,9.5
158,2017-08-29 14:50:48,130,10.5
159,2017-08-28 14:38:02,150,9.0
160,2017-08-28 14:04:55,170,10.0
161,2017-08-28 12:33:18,191,9.5
162,2017-08-27 21:25:58,175,10.0
163,2017-08-27 13:24:54,150,9.5
164,2017-08-26 05:55:27,150,9.5
165,2017-08-25 17:25:48,132,10.5
166,2017-08-25 13:29:39,160,10.5
167,2017-08-24 23:21:45,175,11.0
168,2017-08-24 18:36:18,147,9.0
169,2017-08-23 20:45:44,120,8.0
170,2017-08-22 21:43:48,170,9.5
171,2017-08-22 15:18:04,180,8.5
172,2017-08-21 23:54:05,191,11.5
173,2017-08-21 13:06:51,174,11.5
174,2017-08-21 04:51:08,170,8.5
175,2017-08-20 23:34:44,150,8.5
176,2017-08-18 13:41:19,150,12.0
177,2017-08-17 20:16:24,183,10.0
178,2017-08-17 18:35:30,125,12.0
179,2017-08-17 15:43:15,135,9.5
180,2017-08-17 15:07:48,150,8.0
181,2017-08-16 18:13:47,145,12.0
182,2017-08-16 14:59:05,130,11.0
183,2017-08-16 14:14:08,120,8.5
184,2017-08-15 21:25:04,185,10.0
185,2017-08-15 13:20:19,216,12.0
186,2017-08-14 23:35:38,175,10.0
187,2017-08-14 21:26:31,150,8.0
188,2017-08-14 21:06:34,150,11.5
189,2017-08-14 13:39:34,150,9.0
190,2017-08-14 13:30:29,96,8.0
191,2017-08-14 06:24:41,150,9.0
192,2017-08-13 20:37:35,180,9.0
193,2017-08-13 20:18:40,150,9.5
194,2017-08-13 14:28:33,150,9.0
195,2017-08-12 15:45:40,150,12.0
196,2017-08-12 15:20:35,150,11.5
197,2017-08-12 14:08:19,150,9.5
198,2017-08-11 16:00:14,150,8.0
199,2017-08-11 15:18:07,150,8.5
200,2017-08-11 08:01:23,150,11.0
201,2017-08-10 19:42:08,149,8.5
202,2017-08-10 12:25:04,120,10.0
203,2017-08-09 23:26:51,150,9.0
204,2017-08-09 22:56:16,150,10.0
205,2017-08-09 22:16:42,150,9.0
206,2017-08-09 20:58:32,150,8.0
207,2017-08-09 20:30:45,150,12.0
208,2017-08-09 20:29:02,175,10.0
209,2017-08-09 17:24:27,131,8.5
210,2017-08-09 15:37:12,150,10.0
211,2017-08-09 14:44:16,150,9.0
212,2017-08-09 13:44:36,140,11.0
213,2017-08-09 06:22:55,150,8.5
214,2017-08-09 06:13:27,150,12.0
215,2017-08-07 15:46:32,165,11.0
216,2017-08-07 15:21:29,145,10.5
217,2017-08-07 07:35:11,150,11.5
218,2017-08-06 21:43:12,150,12.0
219,2017-08-04 22:42:54,180,10.0
220,2017-08-04 21:07:18,150,11.0
221,2017-08-04 19:42:05,120,13.0
222,2017-08-04 15:13:46,150,11.0
223,2017-08-04 13:56:29,150,10.0
224,2017-08-04 13:18:35,150,9.5
225,2017-08-04 05:31:35,150,9.0
226,2017-08-04 00:09:23,150,10.5
227,2017-08-03 20:08:44,130,11.5
228,2017-08-03 18:01:02,150,10.0
229,2017-08-03 15:43:20,150,10.5
230,2017-08-03 13:17:54,155,7.5
231,2017-08-02 21:07:26,147,12.0
232,2017-08-02 19:29:12,135,8.5
233,2017-08-02 16:04:05,149,10.0
234,2017-08-02 14:00:14,130,10.5
235,2017-08-02 05:55:08,164,11.5
236,2017-08-01 05:24:16,125,14.0
237,2017-07-31 22:28:20,150,11.0
238,2017-07-31 20:29:48,150,11.5
239,2017-07-29 21:34:48,150,11.0
240,2017-07-28 14:46:54,150,9.5
241,2017-07-28 14:04:26,201,8.0
242,2017-07-28 07:22:50,150,8.0
243,2017-07-27 21:23:36,150,9.0
244,2017-07-27 20:05:22,121,10.0
245,2017-07-27 18:19:05,140,11.0
246,2017-07-27 16:21:38,130,10.5
247,2017-07-27 13:28:05,150,8.5
248,2017-07-27 00:02:23,160,10.0
249,2017-07-26 18:29:53,135,8.5
250,2017-07-26 18:23:50,145,10.5
251,2017-07-26 18:14:12,135,10.5
252,2017-07-26 17:54:24,150,8.5
253,2017-07-26 15:50:31,130,10.5
254,2017-07-25 18:49:09,150,8.5
255,2017-07-25 15:17:46,211,10.0
256,2017-07-25 14:50:12,150,8.5
257,2017-07-25 05:01:59,150,9.0
258,2017-07-24 15:52:36,150,8.0
259,2017-07-24 13:35:44,110,8.0
260,2017-07-24 12:22:20,150,9.5
261,2017-07-24 12:18:03,150,9.5
262,2017-07-23 13:15:18,150,11.5
263,2017-07-23 12:23:30,216,9.0
264,2017-07-23 07:53:05,150,11.5
265,2017-07-23 05:40:03,191,9.5
266,2017-07-22 23:43:31,150,8.5
267,2017-07-22 06:29:50,150,11.0
268,2017-07-22 04:43:08,150,11.0
269,2017-07-21 21:20:18,148,10.5
270,2017-07-21 18:54:45,150,8.0
271,2017-07-21 18:36:30,150,8.0
272,2017-07-21 15:31:56,115,9.0
273,2017-07-21 08:50:05,150,11.0
274,2017-07-20 14:03:11,110,12.0
275,2017-07-19 19:57:49,140,9.5
276,2017-07-19 19:05:52,156,9.5
277,2017-07-19 18:56:22,150,11.0
278,2017-07-19 16:18:36,150,9.0
279,2017-07-18 11:35:59,150,9.0
280,2017-07-18 11:24:33,200,8.0
281,2017-07-18 09:42:24,150,11.0
282,2017-07-18 08:25:02,150,11.0
283,2017-07-15 13:23:35,150,12.0
284,2017-07-15 06:56:44,150,12.0
285,2017-07-14 14:57:20,149,9.5
286,2017-07-14 14:57:20,150,9.0
287,2017-07-14 13:59:57,140,10.5
288,2017-07-13 23:45:41,170,10.0
289,2017-07-13 19:50:55,140,12.0
290,2017-07-13 15:11:24,125,11.0
291,2017-07-12 20:48:47,125,11.5
292,2017-07-12 18:54:24,135,9.0
293,2017-07-12 18:35:09,125,12.0
294,2017-07-12 15:55:46,191,9.5
295,2017-07-12 14:07:26,140,11.0
296,2017-07-12 05:46:53,150,9.5
297,2017-07-12 00:02:39,150,11.0
298,2017-07-11 21:39:24,155,13.0
299,2017-07-11 21:10:35,145,9.5
300,2017-07-11 21:02:27,150,11.5
301,2017-07-11 19:03:59,123,12.0
302,2017-07-11 16:02:06,150,9.5
303,2017-07-11 13:26:21,123,12.0
304,2017-07-11 05:48:45,150,9.0
305,2017-07-11 05:28:09,150,11.0
306,2017-07-10 23:55:49,175,8.5
307,2017-07-10 21:47:04,124,12.0
308,2017-07-10 07:29:17,150,9.5
309,2017-07-10 04:29:02,191,9.0
310,2017-07-09 00:02:09,191,11.0
311,2017-07-08 12:44:28,150,8.5
312,2017-07-07 23:46:38,150,8.5
313,2017-07-07 20:25:05,150,10.5
314,2017-07-07 19:40:08,164,8.0
315,2017-07-07 14:08:37,130,11.0
316,2017-07-07 13:38:43,175,10.0
317,2017-07-07 07:02:23,185,11.0
318,2017-07-06 20:38:15,150,11.0
319,2017-07-06 16:54:15,120,9.5
320,2017-07-06 16:12:06,150,9.0
321,2017-07-06 12:37:01,120,9.0
322,2017-07-06 12:26:55,120,10.0
323,2017-07-06 07:58:18,150,11.5
324,2017-07-05 23:03:59,120,11.5
325,2017-07-05 22:45:08,120,9.5
326,2017-07-05 20:13:24,125,10.0
327,2017-07-05 20:00:25,145,10.0
328,2017-07-05 18:24:19,139,8.5
329,2017-07-05 13:11:22,150,10.5
330,2017-07-05 12:18:32,164,10.5
331,2017-07-05 07:18:30,170,9.5
332,2017-07-04 23:03:41,150,10.5
333,2017-07-04 14:38:20,170,9.5
334,2017-07-04 04:52:36,150,9.0
335,2017-07-03 23:06:20,150,9.5
336,2017-07-03 20:40:55,150,10.5
337,2017-07-03 18:43:08,145,8.0
338,2017-07-03 14:01:17,140,11.5
339,2017-07-03 13:43:02,150,11.5
340,2017-07-03 12:11:18,150,9.0
341,2017-07-03 07:23:18,164,12.0
342,2017-07-03 07:10:44,150,10.5
343,2017-07-03 07:03:05,164,10.0
344,2017-07-03 05:49:00,164,9.0
345,2017-07-03 05:42:02,164,10.5
346,2017-07-03 05:00:06,164,11.5
347,2017-07-03 00:23:46,150,10.5
348,2017-07-02 23:03:58,150,9.0
349,2017-07-02 16:07:27,164,10.0
350,2017-07-02 15:12:51,216,10.5
351,2017-06-30 23:51:34,150,10.0
352,2017-06-30 23:34:45,150,10.0
353,2017-06-30 23:16:16,150,9.5
354,2017-06-30 21:44:31,150,10.5
355,2017-06-30 21:41:48,150,11.0
356,2017-06-30 19:58:23,139,8.5
357,2017-06-30 18:13:47,125,10.0
358,2017-06-30 14:15:49,160,9.0
359,2017-06-30 04:18:05,150,10.5
360,2017-06-29 22:17:12,201,12.0
361,2017-06-29 20:51:41,164,8.5
362,2017-06-29 18:03:34,135,11.0
363,2017-06-29 15:10:40,150,10.0
364,2017-06-29 15:02:40,150,10.0
365,2017-06-29 14:23:24,180,11.5
366,2017-06-29 13:38:43,150,9.5
367,2017-06-28 22:12:44,180,8.0
368,2017-06-28 13:06:20,150,10.0
369,2017-06-28 13:04:29,134,9.5
370,2017-06-28 04:43:42,175,8.5
371,2017-06-27 18:59:07,145,11.5
372,2017-06-27 14:22:19,145,9.0
373,2017-06-27 12:46:13,150,9.0
374,2017-06-26 17:41:06,134,9.5
375,2017-06-26 15:28:39,130,11.0
376,2017-06-26 13:34:40,140,11.0
377,2017-06-25 15:18:33,150,9.0
378,2017-06-25 13:13:37,170,8.5
379,2017-06-25 07:34:01,150,9.5
380,2017-06-23 06:23:50,170,10.0
381,2017-06-22 15:10:08,160,10.0
382,2017-06-22 04:20:36,150,13.0
383,2017-06-22 04:15:42,150,11.0
384,2017-06-21 18:03:09,160,9.5
385,2017-06-21 17:21:36,133,9.5
386,2017-06-21 17:12:15,135,10.0
387,2017-06-21 17:10:30,140,10.5
388,2017-06-21 08:03:57,185,10.0
389,2017-06-20 17:49:13,135,11.0
390,2017-06-20 17:17:42,130,11.0
391,2017-06-20 17:16:17,136,12.0
392,2017-06-20 15:57:35,134,9.5
393,2017-06-20 12:50:32,155,11.5
394,2017-06-20 12:40:25,150,10.5
395,2017-06-19 21:27:43,180,11.0
396,2017-06-19 15:35:02,150,10.0
397,2017-06-19 14:31:19,175,9.5
398,2017-06-19 14:30:19,185,10.5
399,2017-06-19 14:02:20,191,8.0
400,2017-06-18 23:58:22,175,8.0
401,2017-06-18 13:16:48,170,9.5
402,2017-06-17 15:29:50,165,9.5
403,2017-06-17 12:49:15,150,9.0
404,2017-06-16 21:00:43,120,11.5
405,2017-06-16 20:25:15,152,13.0
406,2017-06-16 15:14:02,120,10.0
407,2017-06-16 14:09:55,165,11.0
408,2017-06-16 13:12:15,150,8.0
409,2017-06-16 08:16:55,150,8.5
410,2017-06-15 18:58:35,120,8.5
411,2017-06-15 18:28:49,160,13.5
412,2017-06-15 17:56:20,132,10.0
413,2017-06-15 15:48:47,165,10.5
414,2017-06-14 15:24:40,138,10.5
415,2017-06-14 13:52:26,201,9.0
416,2017-06-14 12:57:03,110,7.0
417,2017-06-14 12:43:34,191,8.0
418,2017-06-14 07:22:55,150,9.5
419,2017-06-14 05:15:46,185,8.0
420,2017-06-13 23:07:22,175,8.5
421,2017-06-13 21:25:43,135,10.0
422,2017-06-13 19:48:22,132,9.5
423,2017-06-13 18:39:37,130,11.0
424,2017-06-12 19:59:13,128,9.5
425,2017-06-12 15:28:10,200,4.5
426,2017-06-12 15:24:13,130,13.0
427,2017-06-12 15:02:29,134,9.5
428,2017-06-12 14:41:27,200,10.5
429,2017-06-12 06:51:41,150,11.0
430,2017-06-11 22:56:27,150,11.0
431,2017-06-10 15:05:57,175,8.5
432,2017-06-10 12:30:04,185,10.0
433,2017-06-10 00:16:22,165,10.0
434,2017-06-09 22:54:23,165,9.5
435,2017-06-09 17:53:14,110,9.0
436,2017-06-09 14:13:42,175,10.0
437,2017-06-09 14:05:10,150,10.0
438,2017-06-09 12:59:30,150,10.0
439,2017-06-09 12:09:21,130,9.5
440,2017-06-09 05:13:03,200,9.5
441,2017-06-08 18:08:08,184,7.5
442,2017-06-08 17:42:51,139,8.0
443,2017-06-08 15:46:44,165,9.0
444,2017-06-08 14:30:25,140,12.0
445,2017-06-08 13:44:01,175,10.0
446,2017-06-08 13:25:08,120,9.0
447,2017-06-08 08:43:03,150,9.0
448,2017-06-08 06:24:39,150,10.0
449,2017-06-08 06:00:40,150,9.0
450,2017-06-07 22:19:37,165,10.0
451,2017-06-07 19:19:27,120,12.0
452,2017-06-07 19:00:59,125,12.0
453,2017-06-07 17:33:12,110,11.0
454,2017-06-07 15:24:21,200,8.0
455,2017-06-07 14:39:41,175,8.5
456,2017-06-07 14:34:55,130,7.0
457,2017-06-07 14:19:32,165,11.0
458,2017-06-07 13:32:37,165,9.0
459,2017-06-07 13:12:42,175,9.0
460,2017-06-07 13:11:30,125,9.5
461,2017-06-07 12:59:16,125,10.0
462,2017-06-07 08:06:04,200,4.5
463,2017-06-06 20:17:47,148,10.5
464,2017-06-06 18:00:10,145,9.0
465,2017-06-06 14:26:39,149,10.5
466,2017-06-06 13:07:23,130,9.5
467,2017-06-06 06:18:44,150,10.0
468,2017-06-05 22:49:58,150,12.0
469,2017-06-05 12:21:41,127,12.0
470,2017-06-04 20:55:22,150,10.5
471,2017-06-04 12:31:52,150,10.5
472,2017-06-04 07:52:48,165,9.5
473,2017-06-04 00:09:14,150,8.5
474,2017-06-02 23:08:07,165,12.0
475,2017-06-02 20:06:48,142,10.0
476,2017-06-02 19:56:15,135,10.0
477,2017-06-02 16:50:10,140,8.0
478,2017-06-02 15:57:15,175,7.5
479,2017-06-02 14:22:11,150,11.0
480,2017-06-01 22:48:51,125,12.0
481,2017-06-01 22:22:44,135,13.0
482,2017-06-01 21:05:09,130,10.0
483,2017-06-01 20:54:31,140,8.0
484,2017-06-01 15:53:22,130,10.0
485,2017-06-01 14:01:15,150,10.0
486,2017-06-01 13:49:22,125,12.0
487,2017-06-01 13:46:42,125,11.0
488,2017-06-01 07:18:08,150,10.5
489,2017-06-01 06:36:10,200,9.0
490,2017-06-01 05:15:05,200,8.5
491,2017-05-31 13:20:37,125,10.5
492,2017-05-31 04:34:58,200,12.0
493,2017-05-30 19:53:54,139,7.0
494,2017-05-30 16:53:47,164,7.5
495,2017-05-30 15:30:35,135,9.0
496,2017-05-30 14:18:34,135,12.0
497,2017-05-30 13:46:01,130,9.5
498,2017-05-29 15:53:03,200,10.5
499,2017-05-29 12:15:03,185,11.5
500,2017-12-14 14:05:39,120,7.5
501,2017-12-12 11:28:47,216,12.0
502,2017-12-12 00:57:41,150,8.5
503,2017-12-11 17:13:56,150,4.0
504,2017-12-10 23:14:29,200,11.0
505,2017-12-10 14:51:25,175,12.0
506,2017-12-07 14:39:17,140,10.5
507,2017-12-06 21:35:36,150,4.5
508,2017-12-05 20:21:06,129,13.0
509,2017-12-04 19:54:28,160,8.5
510,2017-12-03 07:09:29,175,7.0
511,2017-12-03 03:22:13,150,4.0
512,2017-11-30 19:53:06,153,9.5
513,2017-11-29 21:11:55,139,9.0
514,2017-11-29 16:39:08,139,8.5
515,2017-11-28 22:43:59,150,10.5
516,2017-11-28 14:41:55,150,8.5
517,2017-11-28 03:36:32,160,8.5
518,2017-11-27 17:22:53,140,12.0
519,2017-11-27 10:30:12,150,8.0
520,2017-11-25 17:35:21,145,8.5
521,2017-11-25 17:06:29,164,10.5
522,2017-11-23 23:59:37,140,8.5
523,2017-11-20 20:06:35,150,8.5
524,2017-11-17 15:10:31,200,10.0
525,2017-11-17 11:11:11,175,11.5
526,2017-11-14 20:34:33,200,9.5
527,2017-11-14 01:27:22,130,8.5
528,2017-11-12 21:33:23,185,12.0
529,2017-11-12 21:18:31,200,9.5
530,2017-11-11 18:36:18,175,10.0
531,2017-11-11 16:37:49,150,9.5
532,2017-11-11 09:45:23,170,8.0
533,2017-11-10 23:14:30,150,9.5
534,2017-11-09 22:19:54,150,8.0
535,2017-11-09 19:37:46,140,10.0
536,2017-11-09 15:14:58,175,12.0
537,2017-11-09 13:38:01,150,8.0
538,2017-11-09 09:39:00,175,11.5
539,2017-11-09 09:02:54,175,12.0
540,2017-11-09 08:40:00,150,8.0
541,2017-11-07 19:29:09,155,12.0
542,2017-11-07 01:22:43,150,9.0
543,2017-11-05 16:24:45,175,10.5
544,2017-11-04 17:21:51,150,9.5
545,2017-11-04 12:25:10,267,9.5
546,2017-11-03 14:16:17,150,8.0
547,2017-11-02 17:03:04,129,10.5
548,2017-10-31 20:21:27,150,8.0
549,2017-10-30 14:25:09,150,9.0
550,2017-10-30 14:09:49,175,10.5
551,2017-10-30 12:48:21,129,10.5
552,2017-10-28 18:39:58,150,9.0
553,2017-10-27 17:50:16,134,8.0
554,2017-10-26 23:16:56,175,10.5
555,2017-10-24 19:17:55,170,10.0
556,2017-10-24 13:43:26,142,10.0
557,2017-10-23 13:04:33,120,9.5
558,2017-10-22 21:24:22,200,11.0
559,2017-10-21 19:11:56,196,9.5
560,2017-10-21 16:27:09,175,10.0
561,2017-10-21 03:47:35,175,10.5
562,2017-10-20 23:27:16,155,9.5
563,2017-10-20 20:10:25,140,10.0
564,2017-10-20 12:52:13,175,11.5
565,2017-10-19 11:58:23,100,9.0
566,2017-10-18 22:58:55,175,10.0
567,2017-10-17 21:55:08,175,10.0
568,2017-10-17 13:48:13,150,10.5
569,2017-10-14 22:01:18,150,12.0
570,2017-10-14 15:24:12,165,9.5
571,2017-10-13 14:51:07,125,12.0
572,2017-10-13 14:18:16,175,11.5
573,2017-10-10 17:36:28,135,7.5
574,2017-10-10 14:27:31,145,10.5
575,2017-10-10 08:25:28,175,10.0
576,2017-10-09 12:36:25,120,11.5
577,2017-10-08 14:00:03,175,10.0
578,2017-10-07 06:47:20,150,10.0
579,2017-10-06 14:22:46,165,8.0
580,2017-10-06 05:25:26,175,8.5
581,2017-10-04 16:15:39,150,8.5
582,2017-10-04 15:53:52,126,12.0
583,2017-10-04 13:31:15,150,8.5
584,2017-10-04 12:29:43,150,4.5
585,2017-10-04 04:11:06,200,11.0
586,2017-10-03 23:29:17,200,11.0
587,2017-10-03 19:41:58,160,9.5
588,2017-10-03 17:23:07,150,11.0
589,2017-10-03 08:00:47,200,11.0
590,2017-10-03 07:50:04,175,12.0
591,2017-10-03 07:31:41,175,12.0
592,2017-10-03 05:28:30,175,12.0
593,2017-10-02 14:42:45,150,9.0
594,2017-10-02 13:16:04,200,11.0
595,2017-10-02 12:56:21,175,8.5
596,2017-10-02 07:47:52,175,10.0
597,2017-10-02 07:13:29,150,9.0
598,2017-10-01 15:49:33,150,9.5
599,2017-10-01 15:26:17,150,9.0
600,2017-09-30 12:55:07,165,8.0
601,2017-09-28 23:42:50,150,9.5
602,2017-09-28 23:42:38,150,4.0
603,2017-09-28 21:06:59,169,8.5
604,2017-09-28 15:52:45,191,9.5
605,2017-09-27 07:49:04,150,9.0
606,2017-09-26 12:44:49,150,4.0
607,2017-09-25 18:46:14,150,12.0
608,2017-09-25 14:55:27,125,10.0
609,2017-09-24 15:27:00,200,11.0
610,2017-09-22 17:33:56,130,10.0
611,2017-09-22 14:26:13,150,8.5
612,2017-09-21 20:59:52,191,7.5
613,2017-09-20 15:57:25,125,12.0
614,2017-09-20 15:08:47,130,9.5
615,2017-09-20 13:31:29,175,12.0
616,2017-09-19 19:48:12,149,11.5
617,2017-09-18 21:08:23,164,8.0
618,2017-09-18 20:20:28,200,10.0
619,2017-09-17 12:50:58,175,9.5
620,2017-09-17 05:39:01,150,12.0
621,2017-09-16 14:29:46,257,9.5
622,2017-09-16 04:21:48,175,8.5
623,2017-09-14 12:27:42,191,10.0
624,2017-09-14 12:14:28,175,10.5
625,2017-09-13 15:38:21,160,9.5
626,2017-09-13 14:00:14,175,10.5
627,2017-09-12 15:20:44,140,11.5
628,2017-09-12 06:09:24,150,8.0
629,2017-09-12 03:27:36,140,9.5
630,2017-09-11 20:06:26,125,10.5
631,2017-09-10 22:04:56,175,10.5
632,2017-09-10 15:57:29,175,10.5
633,2017-09-09 13:46:21,150,12.0
634,2017-09-08 23:38:51,125,8.5
635,2017-09-08 22:12:17,130,10.5
636,2017-09-08 15:36:43,175,9.5
637,2017-09-07 15:33:52,125,10.5
638,2017-09-06 18:25:17,120,8.5
639,2017-09-06 15:13:52,216,9.5
640,2017-09-05 19:54:29,150,10.0
641,2017-09-05 14:31:12,150,12.0
642,2017-09-04 16:09:18,150,12.0
643,2017-09-02 15:52:10,150,8.5
644,2017-09-02 14:20:26,150,8.5
645,2017-09-01 18:02:04,170,7.0
646,2017-09-01 13:29:42,163,11.5
647,2017-09-01 13:10:19,150,9.0
648,2017-09-01 13:01:08,175,10.5
649,2017-08-31 22:40:50,191,9.5
650,2017-08-31 22:29:55,150,8.0
651,2017-08-30 12:52:39,150,8.0
652,2017-08-30 12:34:39,175,10.5
653,2017-08-29 20:46:00,150,9.5
654,2017-08-29 14:53:53,175,9.5
655,2017-08-29 14:50:48,130,10.5
656,2017-08-28 14:38:02,150,9.0
657,2017-08-28 14:04:55,170,10.0
658,2017-08-28 12:33:18,191,9.5
659,2017-08-27 21:25:58,175,10.0
660,2017-08-27 13:24:54,150,9.5
661,2017-08-26 05:55:27,150,9.5
662,2017-08-25 17:25:48,132,10.5
663,2017-08-25 13:29:39,160,10.5
664,2017-08-24 23:21:45,175,11.0
665,2017-08-24 18:36:18,147,9.0
666,2017-08-23 20:45:44,120,8.0
667,2017-08-22 21:43:48,170,9.5
668,2017-08-22 15:18:04,180,8.5
669,2017-08-21 23:54:05,191,11.5
670,2017-08-21 13:06:51,174,11.5
671,2017-08-21 04:51:08,170,8.5
672,2017-08-20 23:34:44,150,8.5
673,2017-08-18 13:41:19,150,12.0
674,2017-08-17 20:16:24,183,10.0
675,2017-08-17 18:35:30,125,12.0
676,2017-08-17 15:43:15,135,9.5
677,2017-08-17 15:07:48,150,8.0
678,2017-08-16 18:13:47,145,12.0
679,2017-08-16 14:59:05,130,11.0
680,2017-08-16 14:14:08,120,8.5
681,2017-08-15 21:25:04,185,10.0
682,2017-08-15 13:20:19,216,12.0
683,2017-08-14 23:35:38,175,10.0
684,2017-08-14 21:26:31,150,8.0
685,2017-08-14 21:06:34,150,11.5
686,2017-08-14 13:39:34,150,9.0
687,2017-08-14 13:30:29,96,8.0
688,2017-08-14 06:24:41,150,9.0
689,2017-08-13 20:37:35,180,9.0
690,2017-08-13 20:18:40,150,9.5
691,2017-08-13 14:28:33,150,9.0
692,2017-08-12 15:45:40,150,12.0
693,2017-08-12 15:20:35,150,11.5
694,2017-08-12 14:08:19,150,9.5
695,2017-08-11 16:00:14,150,8.0
696,2017-08-11 15:18:07,150,8.5
697,2017-08-11 08:01:23,150,11.0
698,2017-08-10 19:42:08,149,8.5
699,2017-08-10 12:25:04,120,10.0
700,2017-08-09 23:26:51,150,9.0
701,2017-08-09 22:56:16,150,10.0
702,2017-08-09 22:16:42,150,9.0
703,2017-08-09 20:58:32,150,8.0
704,2017-08-09 20:30:45,150,12.0
705,2017-08-09 20:29:02,175,10.0
706,2017-08-09 17:24:27,131,8.5
707,2017-08-09 15:37:12,150,10.0
708,2017-08-09 14:44:16,150,9.0
709,2017-08-09 13:44:36,140,11.0
710,2017-08-09 06:22:55,150,8.5
711,2017-08-09 06:13:27,150,12.0
712,2017-08-07 15:46:32,165,11.0
713,2017-08-07 15:21:29,145,10.5
714,2017-08-07 07:35:11,150,11.5
715,2017-08-06 21:43:12,150,12.0
716,2017-08-04 22:42:54,180,10.0
717,2017-08-04 21:07:18,150,11.0
718,2017-08-04 19:42:05,120,13.0
719,2017-08-04 15:13:46,150,11.0
720,2017-08-04 13:56:29,150,10.0
721,2017-08-04 13:18:35,150,9.5
722,2017-08-04 05:31:35,150,9.0
723,2017-08-04 00:09:23,150,10.5
724,2017-08-03 20:08:44,130,11.5
725,2017-08-03 18:01:02,150,10.0
726,2017-08-03 15:43:20,150,10.5
727,2017-08-03 13:17:54,155,7.5
728,2017-08-02 21:07:26,147,12.0
729,2017-08-02 19:29:12,135,8.5
730,2017-08-02 16:04:05,149,10.0
731,2017-08-02 14:00:14,130,10.5
732,2017-08-02 05:55:08,164,11.5
733,2017-08-01 05:24:16,125,14.0
734,2017-07-31 22:28:20,150,11.0
735,2017-07-31 20:29:48,150,11.5
736,2017-07-29 21:34:48,150,11.0
737,2017-07-28 14:46:54,150,9.5
738,2017-07-28 14:04:26,201,8.0
739,2017-07-28 07:22:50,150,8.0
740,2017-07-27 21:23:36,150,9.0
741,2017-07-27 20:05:22,121,10.0
742,2017-07-27 18:19:05,140,11.0
743,2017-07-27 16:21:38,130,10.5
744,2017-07-27 13:28:05,150,8.5
745,2017-07-27 00:02:23,160,10.0
746,2017-07-26 18:29:53,135,8.5
747,2017-07-26 18:23:50,145,10.5
748,2017-07-26 18:14:12,135,10.5
749,2017-07-26 17:54:24,150,8.5
750,2017-07-26 15:50:31,130,10.5
751,2017-07-25 18:49:09,150,8.5
752,2017-07-25 15:17:46,211,10.0
753,2017-07-25 14:50:12,150,8.5
754,2017-07-25 05:01:59,150,9.0
755,2017-07-24 15:52:36,150,8.0
756,2017-07-24 13:35:44,110,8.0
757,2017-07-24 12:22:20,150,9.5
758,2017-07-24 12:18:03,150,9.5
759,2017-07-23 13:15:18,150,11.5
760,2017-07-23 12:23:30,216,9.0
761,2017-07-23 07:53:05,150,11.5
762,2017-07-23 05:40:03,191,9.5
763,2017-07-22 23:43:31,150,8.5
764,2017-07-22 06:29:50,150,11.0
765,2017-07-22 04:43:08,150,11.0
766,2017-07-21 21:20:18,148,10.5
767,2017-07-21 18:54:45,150,8.0
768,2017-07-21 18:36:30,150,8.0
769,2017-07-21 15:31:56,115,9.0
770,2017-07-21 08:50:05,150,11.0
771,2017-07-20 14:03:11,110,12.0
772,2017-07-19 19:57:49,140,9.5
773,2017-07-19 19:05:52,156,9.5
774,2017-07-19 18:56:22,150,11.0
775,2017-07-19 16:18:36,150,9.0
776,2017-07-18 11:35:59,150,9.0
777,2017-07-18 11:24:33,200,8.0
778,2017-07-18 09:42:24,150,11.0
779,2017-07-18 08:25:02,150,11.0
780,2017-07-15 13:23:35,150,12.0
781,2017-07-15 06:56:44,150,12.0
782,2017-07-14 14:57:20,149,9.5
783,2017-07-14 14:57:20,150,9.0
784,2017-07-14 13:59:57,140,10.5
785,2017-07-13 23:45:41,170,10.0
786,2017-07-13 19:50:55,140,12.0
787,2017-07-13 15:11:24,125,11.0
788,2017-07-12 20:48:47,125,11.5
789,2017-07-12 18:54:24,135,9.0
790,2017-07-12 18:35:09,125,12.0
791,2017-07-12 15:55:46,191,9.5
792,2017-07-12 14:07:26,140,11.0
793,2017-07-12 05:46:53,150,9.5
794,2017-07-12 00:02:39,150,11.0
795,2017-07-11 21:39:24,155,13.0
796,2017-07-11 21:10:35,145,9.5
797,2017-07-11 21:02:27,150,11.5
798,2017-07-11 19:03:59,123,12.0
799,2017-07-11 16:02:06,150,9.5
800,2017-07-11 13:26:21,123,12.0
801,2017-07-11 05:48:45,150,9.0
802,2017-07-11 05:28:09,150,11.0
803,2017-07-10 23:55:49,175,8.5
804,2017-07-10 21:47:04,124,12.0
805,2017-07-10 07:29:17,150,9.5
806,2017-07-10 04:29:02,191,9.0
807,2017-07-09 00:02:09,191,11.0
808,2017-07-08 12:44:28,150,8.5
809,2017-07-07 23:46:38,150,8.5
810,2017-07-07 20:25:05,150,10.5
811,2017-07-07 19:40:08,164,8.0
812,2017-07-07 14:08:37,130,11.0
813,2017-07-07 13:38:43,175,10.0
814,2017-07-07 07:02:23,185,11.0
815,2017-07-06 20:38:15,150,11.0
816,2017-07-06 16:54:15,120,9.5
817,2017-07-06 16:12:06,150,9.0
818,2017-07-06 12:37:01,120,9.0
819,2017-07-06 12:26:55,120,10.0
820,2017-07-06 07:58:18,150,11.5
821,2017-07-05 23:03:59,120,11.5
822,2017-07-05 22:45:08,120,9.5
823,2017-07-05 20:13:24,125,10.0
824,2017-07-05 20:00:25,145,10.0
825,2017-07-05 18:24:19,139,8.5
826,2017-07-05 13:11:22,150,10.5
827,2017-07-05 12:18:32,164,10.5
828,2017-07-05 07:18:30,170,9.5
829,2017-07-04 23:03:41,150,10.5
830,2017-07-04 14:38:20,170,9.5
831,2017-07-04 04:52:36,150,9.0
832,2017-07-03 23:06:20,150,9.5
833,2017-07-03 20:40:55,150,10.5
834,2017-07-03 18:43:08,145,8.0
835,2017-07-03 14:01:17,140,11.5
836,2017-07-03 13:43:02,150,11.5
837,2017-07-03 12:11:18,150,9.0
838,2017-07-03 07:23:18,164,12.0
839,2017-07-03 07:10:44,150,10.5
840,2017-07-03 07:03:05,164,10.0
841,2017-07-03 05:49:00,164,9.0
842,2017-07-03 05:42:02,164,10.5
843,2017-07-03 05:00:06,164,11.5
844,2017-07-03 00:23:46,150,10.5
845,2017-07-02 23:03:58,150,9.0
846,2017-07-02 16:07:27,164,10.0
847,2017-07-02 15:12:51,216,10.5
848,2017-06-30 23:51:34,150,10.0
849,2017-06-30 23:34:45,150,10.0
850,2017-06-30 23:16:16,150,9.5
851,2017-06-30 21:44:31,150,10.5
852,2017-06-30 21:41:48,150,11.0
853,2017-06-30 19:58:23,139,8.5
854,2017-06-30 18:13:47,125,10.0
855,2017-06-30 14:15:49,160,9.0
856,2017-06-30 04:18:05,150,10.5
857,2017-06-29 22:17:12,201,12.0
858,2017-06-29 20:51:41,164,8.5
859,2017-06-29 18:03:34,135,11.0
860,2017-06-29 15:10:40,150,10.0
861,2017-06-29 15:02:40,150,10.0
862,2017-06-29 14:23:24,180,11.5
863,2017-06-29 13:38:43,150,9.5
864,2017-06-28 22:12:44,180,8.0
865,2017-06-28 13:06:20,150,10.0
866,2017-06-28 13:04:29,134,9.5
867,2017-06-28 04:43:42,175,8.5
868,2017-06-27 18:59:07,145,11.5
869,2017-06-27 14:22:19,145,9.0
870,2017-06-27 12:46:13,150,9.0
871,2017-06-26 17:41:06,134,9.5
872,2017-06-26 15:28:39,130,11.0
873,2017-06-26 13:34:40,140,11.0
874,2017-06-25 15:18:33,150,9.0
875,2017-06-25 13:13:37,170,8.5
876,2017-06-25 07:34:01,150,9.5
877,2017-06-23 06:23:50,170,10.0
878,2017-06-22 15:10:08,160,10.0
879,2017-06-22 04:20:36,150,13.0
880,2017-06-22 04:15:42,150,11.0
881,2017-06-21 18:03:09,160,9.5
882,2017-06-21 17:21:36,133,9.5
883,2017-06-21 17:12:15,135,10.0
884,2017-06-21 17:10:30,140,10.5
885,2017-06-21 08:03:57,185,10.0
886,2017-06-20 17:49:13,135,11.0
887,2017-06-20 17:17:42,130,11.0
888,2017-06-20 17:16:17,136,12.0
889,2017-06-20 15:57:35,134,9.5
890,2017-06-20 12:50:32,155,11.5
891,2017-06-20 12:40:25,150,10.5
892,2017-06-19 21:27:43,180,11.0
893,2017-06-19 15:35:02,150,10.0
894,2017-06-19 14:31:19,175,9.5
895,2017-06-19 14:30:19,185,10.5
896,2017-06-19 14:02:20,191,8.0
897,2017-06-18 23:58:22,175,8.0
898,2017-06-18 13:16:48,170,9.5
899,2017-06-17 15:29:50,165,9.5
900,2017-06-17 12:49:15,150,9.0
901,2017-06-16 21:00:43,120,11.5
902,2017-06-16 20:25:15,152,13.0
903,2017-06-16 15:14:02,120,10.0
904,2017-06-16 14:09:55,165,11.0
905,2017-06-16 13:12:15,150,8.0
906,2017-06-16 08:16:55,150,8.5
907,2017-06-15 18:58:35,120,8.5
908,2017-06-15 18:28:49,160,13.5
909,2017-06-15 17:56:20,132,10.0
910,2017-06-15 15:48:47,165,10.5
911,2017-06-14 15:24:40,138,10.5
912,2017-06-14 13:52:26,201,9.0
913,2017-06-14 12:57:03,110,7.0
914,2017-06-14 12:43:34,191,8.0
915,2017-06-14 07:22:55,150,9.5
916,2017-06-14 05:15:46,185,8.0
917,2017-06-13 23:07:22,175,8.5
918,2017-06-13 21:25:43,135,10.0
919,2017-06-13 19:48:22,132,9.5
920,2017-06-13 18:39:37,130,11.0
921,2017-06-12 19:59:13,128,9.5
922,2017-06-12 15:28:10,200,4.5
923,2017-06-12 15:24:13,130,13.0
924,2017-06-12 15:02:29,134,9.5
925,2017-06-12 14:41:27,200,10.5
926,2017-06-12 06:51:41,150,11.0
927,2017-06-11 22:56:27,150,11.0
928,2017-06-10 15:05:57,175,8.5
929,2017-06-10 12:30:04,185,10.0
930,2017-06-10 00:16:22,165,10.0
931,2017-06-09 22:54:23,165,9.5
932,2017-06-09 17:53:14,110,9.0
933,2017-06-09 14:13:42,175,10.0
934,2017-06-09 14:05:10,150,10.0
935,2017-06-09 12:59:30,150,10.0
936,2017-06-09 12:09:21,130,9.5
937,2017-06-09 05:13:03,200,9.5
938,2017-06-08 18:08:08,184,7.5
939,2017-06-08 17:42:51,139,8.0
940,2017-06-08 15:46:44,165,9.0
941,2017-06-08 14:30:25,140,12.0
942,2017-06-08 13:44:01,175,10.0
943,2017-06-08 13:25:08,120,9.0
944,2017-06-08 08:43:03,150,9.0
945,2017-06-08 06:24:39,150,10.0
946,2017-06-08 06:00:40,150,9.0
947,2017-06-07 22:19:37,165,10.0
948,2017-06-07 19:19:27,120,12.0
949,2017-06-07 19:00:59,125,12.0
950,2017-06-07 17:33:12,110,11.0
951,2017-06-07 15:24:21,200,8.0
952,2017-06-07 14:39:41,175,8.5
953,2017-06-07 14:34:55,130,7.0
954,2017-06-07 14:19:32,165,11.0
955,2017-06-07 13:32:37,165,9.0
956,2017-06-07 13:12:42,175,9.0
957,2017-06-07 13:11:30,125,9.5
958,2017-06-07 12:59:16,125,10.0
959,2017-06-07 08:06:04,200,4.5
960,2017-06-06 20:17:47,148,10.5
961,2017-06-06 18:00:10,145,9.0
962,2017-06-06 14:26:39,149,10.5
963,2017-06-06 13:07:23,130,9.5
964,2017-06-06 06:18:44,150,10.0
965,2017-06-05 22:49:58,150,12.0
966,2017-06-05 12:21:41,127,12.0
967,2017-06-04 20:55:22,150,10.5
968,2017-06-04 12:31:52,150,10.5
969,2017-06-04 07:52:48,165,9.5
970,2017-06-04 00:09:14,150,8.5
971,2017-06-02 23:08:07,165,12.0
972,2017-06-02 20:06:48,142,10.0
973,2017-06-02 19:56:15,135,10.0
974,2017-06-02 16:50:10,140,8.0
975,2017-06-02 15:57:15,175,7.5
976,2017-06-02 14:22:11,150,11.0
977,2017-06-01 22:48:51,125,12.0
978,2017-06-01 22:22:44,135,13.0
979,2017-06-01 21:05:09,130,10.0
980,2017-06-01 20:54:31,140,8.0
981,2017-06-01 15:53:22,130,10.0
982,2017-06-01 14:01:15,150,10.0
983,2017-06-01 13:49:22,125,12.0
984,2017-06-01 13:46:42,125,11.0
985,2017-06-01 07:18:08,150,10.5
986,2017-06-01 06:36:10,200,9.0
987,2017-06-01 05:15:05,200,8.5
988,2017-05-31 13:20:37,125,10.5
989,2017-05-31 04:34:58,200,12.0
990,2017-05-30 19:53:54,139,7.0
991,2017-05-30 16:53:47,164,7.5
992,2017-05-30 15:30:35,135,9.0
993,2017-05-30 14:18:34,135,12.0
994,2017-05-30 13:46:01,130,9.5
995,2017-05-29 15:53:03,200,10.5
996,2017-05-29 12:15:03,185,11.5
997,2017-05-27 15:22:31,175,12.0
998,2017-05-27 14:04:52,185,11.5
999,2017-05-26 22:52:38,125,8.5
1000,2017-12-08 23:57:44,120,7.5
1001,2017-11-17 01:43:34,226,7.5
1002,2017-05-26 17:16:02,135,10.0
1003,2017-05-26 14:04:03,140,10.5
1004,2017-05-26 13:46:11,206,12.0
1005,2017-05-26 06:29:09,200,4.0
1006,2017-05-26 02:09:53,135,13.0
1007,2017-12-02 21:03:25,140,10.5
1008,2017-11-30 19:12:15,129,13.0
1009,2017-06-08 06:50:01,185,8.5
1010,2017-05-25 21:37:57,149,10.5
1011,2017-12-03 05:51:21,175,7.0
1012,2017-12-03 03:05:59,150,4.0
1013,2017-11-28 12:15:53,150,8.5
1014,2017-11-28 02:55:28,160,8.5
1015,2017-12-02 05:25:24,140,10.5
1016,2017-05-25 15:03:33,175,8.0
1017,2017-05-25 06:10:08,200,10.0
1018,2017-11-28 04:21:51,139,9.0
1019,2017-11-28 04:19:13,139,8.5
1020,2017-11-25 19:20:25,153,9.5
1021,2017-05-25 05:51:06,200,11.5
1022,2017-05-25 05:42:24,200,10.5
1023,2017-11-25 01:45:43,139,8.5
1024,2017-11-24 23:44:36,139,9.0
1025,2017-11-24 23:17:39,150,10.5
1026,2017-11-17 01:07:49,160,8.5
1027,2017-05-24 14:48:38,126,12.0
1028,2017-11-24 21:17:53,140,12.0
1029,2017-11-24 08:35:59,153,9.5
1030,2017-11-22 15:42:09,164,10.5
1031,2017-05-23 21:12:48,145,10.5
1032,2017-05-23 20:48:44,130,9.5
1033,2017-11-21 00:57:44,164,10.5
1034,2017-05-23 18:19:32,135,10.5
1035,2017-05-23 17:44:04,149,10.5
1036,2017-05-23 15:55:06,191,11.0
1037,2017-05-23 13:18:40,125,8.0
1038,2017-05-22 15:04:36,130,8.5
1039,2017-05-22 07:16:39,175,9.5
1040,2017-05-21 22:00:13,125,11.5
1041,2017-11-18 16:46:21,164,10.5
1042,2017-05-21 16:06:34,175,10.0
1043,2017-05-20 15:04:11,125,10.0
1044,2017-05-20 13:11:39,200,11.5
1045,2017-11-15 04:17:16,165,8.5
1046,2017-05-19 14:59:31,216,9.0
1047,2017-05-19 14:53:01,185,11.0
1048,2017-05-19 12:16:06,175,13.0
1049,2017-05-18 17:14:07,140,9.5
1050,2017-09-06 12:21:18,206,12.0
1051,2017-05-18 15:39:48,140,12.0
1052,2017-05-18 13:28:03,137,9.5
1053,2017-05-18 13:01:40,120,13.0
1054,2017-05-18 12:54:40,150,10.0
1055,2017-05-18 05:21:36,175,9.5
1056,2017-11-08 17:14:35,150,8.0
1057,2017-11-06 09:13:02,140,10.0
1058,2017-05-17 20:17:38,130,9.0
1059,2017-05-17 14:57:17,140,8.5
1060,2017-05-17 13:33:30,150,13.0
1061,2017-05-17 07:18:24,216,12.0
1062,2017-05-16 18:17:23,135,10.5
1063,2017-11-07 09:12:41,150,8.0
1064,2017-11-06 06:09:14,150,8.0
1065,2017-11-03 19:09:23,155,12.0
1066,2017-05-16 18:01:35,135,10.5
1067,2017-11-04 02:47:28,140,10.0
1068,2017-05-16 15:12:07,130,10.5
1069,2017-05-16 15:04:21,185,9.0
1070,2017-05-16 14:49:41,150,9.0
1071,2017-05-16 13:42:23,140,10.0
1072,2017-05-16 06:15:05,175,8.5
1073,2017-05-15 07:32:31,175,11.0
1074,2017-05-14 14:54:43,185,9.5
1075,2017-10-28 06:14:39,129,10.5
1076,2017-05-12 15:57:12,148,12.0
1077,2017-05-12 15:20:53,145,9.5
1078,2017-05-12 14:22:23,135,11.0
1079,2017-10-25 21:08:39,129,10.5
1080,2017-10-27 04:49:48,129,10.5
1081,2017-05-12 14:09:50,175,9.5
1082,2017-10-24 06:12:59,134,8.0
1083,2017-05-12 12:39:22,140,9.5
1084,2017-05-12 12:19:43,191,10.5
1085,2017-10-24 02:38:04,129,10.5
1086,2017-10-23 21:15:31,170,10.0
1087,2017-10-22 22:52:18,134,8.0
1088,2017-10-20 15:16:28,142,10.0
1089,2017-05-12 05:37:00,175,10.5
1090,2017-10-18 23:09:30,120,9.5
1091,2017-05-12 00:16:46,191,9.0
1092,2017-05-11 17:35:54,150,10.0
1093,2017-05-10 20:42:13,130,11.0
1094,2017-10-04 06:57:25,196,9.5
1095,2017-05-10 18:47:41,170,14.0
1096,2017-05-10 18:34:53,70,10.0
1097,2017-05-10 16:54:11,136,9.0
1098,2017-10-19 23:27:28,142,10.0
1099,2017-10-18 23:03:14,175,11.5
1100,2017-10-18 15:11:07,140,10.0
1101,2017-10-17 15:38:29,140,10.0
1102,2017-10-14 05:14:10,175,11.5
1103,2017-10-13 21:07:00,100,9.0
1104,2017-05-10 12:58:10,175,9.5
1105,2017-05-10 12:54:04,150,10.0
1106,2017-05-09 17:14:12,155,13.0
1107,2017-05-09 15:20:32,145,10.5
1108,2017-05-08 18:10:16,145,12.0
1109,2017-05-08 17:09:36,145,9.5
1110,2017-10-04 12:54:18,191,9.5
1111,2017-05-08 16:02:45,160,13.0
1112,2017-05-08 14:46:02,169,9.5
1113,2017-05-08 14:38:49,120,10.0
1114,2017-10-09 02:38:27,125,12.0
1115,2017-10-06 21:03:34,135,7.5
1116,2017-05-07 15:22:49,175,11.0
1117,2017-05-05 19:58:35,145,9.0
1118,2017-05-05 18:45:19,150,9.5
1119,2017-10-04 21:11:32,120,11.5
1120,2017-05-05 15:46:40,130,13.0
1121,2017-05-05 14:36:23,144,12.0
1122,2017-10-01 13:45:56,170,8.0
1123,2017-05-05 12:23:37,175,10.0
1124,2017-05-04 22:47:59,145,11.0
1125,2017-09-29 21:06:12,126,12.0
1126,2017-09-29 19:05:26,160,9.5
1127,2017-09-29 15:08:23,150,11.0
1128,2017-05-04 13:43:37,135,8.5
1129,2017-05-03 22:57:11,149,11.5
1130,2017-05-03 21:52:35,155,9.5
1131,2017-05-03 19:17:30,135,12.0
1132,2017-05-03 15:53:30,135,12.0
1133,2017-05-03 15:37:17,175,11.0
1134,2017-05-03 15:30:45,175,10.0
1135,2017-05-03 15:29:19,200,10.5
1136,2017-05-03 14:19:53,175,9.0
1137,2017-05-03 14:17:19,175,10.0
1138,2017-05-03 14:10:25,175,9.5
1139,2017-05-03 13:54:45,175,10.0
1140,2017-05-03 13:39:01,200,10.5
1141,2017-05-03 13:32:31,200,12.0
1142,2017-05-03 13:08:22,200,10.5
1143,2017-05-03 12:57:27,200,8.5
1144,2017-05-03 12:56:50,200,8.0
1145,2017-05-03 12:41:44,175,10.0
1146,2017-05-03 12:37:31,200,8.0
1147,2017-05-03 12:35:11,200,12.0
1148,2017-05-03 12:32:43,200,8.5
1149,2017-09-26 06:53:22,170,8.0
1150,2017-09-27 03:03:14,169,8.5
1151,2017-09-21 12:39:24,196,9.5
1152,2017-05-03 12:25:26,175,9.0
1153,2017-05-03 12:18:51,175,10.0
1154,2017-05-03 12:10:56,200,8.0
1155,2017-05-03 00:04:53,175,7.0
1156,2017-05-02 19:41:20,141,11.0
1157,2017-05-02 18:00:34,141,12.0
1158,2017-09-22 23:13:40,169,8.5
1159,2017-09-22 15:00:02,150,12.0
1160,2017-09-22 01:17:16,125,10.0
1161,2017-08-15 14:16:55,175,8.0
1162,2017-05-02 13:47:30,175,10.5
1163,2017-05-02 13:24:36,145,9.5
1164,2017-05-02 12:29:37,175,7.5
1165,2017-09-21 18:25:25,150,12.0
1166,2017-09-20 23:04:27,130,10.0
1167,2017-05-01 15:05:09,155,11.0
1168,2017-05-01 14:51:39,220,7.0
1169,2017-05-01 14:46:44,110,11.5
1170,2017-09-20 04:59:34,150,12.0
1171,2017-05-01 14:34:51,135,9.5
1172,2017-09-19 02:19:12,130,10.0
1173,2017-09-18 19:03:31,125,12.0
1174,2017-09-16 17:07:14,130,9.5
1175,2017-05-01 14:28:44,140,8.5
1176,2017-05-01 13:50:24,130,10.0
1177,2017-09-14 19:04:55,149,11.5
1178,2017-09-06 15:05:49,170,8.0
1179,2017-09-15 04:21:26,125,12.0
1180,2017-09-14 17:11:32,200,10.0
1181,2017-05-01 13:49:23,125,10.0
1182,2017-05-01 13:46:23,130,9.0
1183,2017-05-01 13:27:41,135,9.0
1184,2017-09-12 22:06:00,196,9.5
1185,2017-05-01 13:25:40,150,8.5
1186,2017-09-06 16:00:36,185,8.5
1187,2017-09-12 03:27:23,160,9.5
1188,2017-09-11 19:10:02,175,10.5
1189,2017-09-09 14:01:03,257,9.5
1190,2017-05-01 13:25:20,135,9.5
1191,2017-05-01 13:14:21,135,9.5
1192,2017-04-30 23:49:50,175,11.5
1193,2017-04-30 13:33:19,175,9.5
1194,2017-04-29 20:15:55,175,9.5
1195,2017-04-28 17:49:56,165,10.5
1196,2017-09-10 22:04:42,175,10.5
1197,2017-09-08 21:07:50,140,11.5
1198,2017-09-07 15:12:16,125,10.5
1199,2017-04-28 17:10:49,150,11.0
1200,2017-04-28 15:09:08,137,12.0
1201,2017-09-08 21:17:46,125,8.5
1202,2017-09-01 16:06:02,150,9.0
1203,2017-04-28 15:04:47,150,11.5
1204,2017-04-28 14:46:57,165,10.5
1205,2017-04-28 14:37:32,169,8.0
1206,2017-04-28 14:14:42,165,10.5
1207,2017-04-27 18:03:44,139,10.5
1208,2017-09-05 17:51:57,125,10.5
1209,2017-09-05 17:47:24,125,8.5
1210,2017-09-05 17:46:58,130,10.5
1211,2017-09-02 17:31:30,120,8.5
1212,2017-08-11 20:51:59,175,8.5
1213,2017-08-08 13:02:54,206,12.0
1214,2017-08-02 07:15:50,164,8.0
1215,2017-06-16 12:59:52,175,10.5
1216,2017-04-27 17:36:27,136,13.0
1217,2017-04-27 17:20:12,139,9.0
1218,2017-04-27 15:44:34,187,13.0
1219,2017-09-03 05:39:42,125,8.5
1220,2017-09-03 01:59:34,130,10.5
1221,2017-08-31 17:34:57,150,10.0
1222,2017-04-27 15:33:36,140,11.0
1223,2017-04-27 15:21:07,149,8.5
1224,2017-09-02 00:44:34,120,8.5
1225,2017-04-27 14:12:17,153,11.5
1226,2017-04-26 20:07:41,155,11.0
1227,2017-04-26 19:32:01,166,11.0
1228,2017-04-26 19:03:36,141,12.0
1229,2017-04-26 18:06:33,155,10.5
1230,2017-08-29 23:20:07,170,7.0
1231,2017-07-24 16:12:47,216,9.5
1232,2017-04-26 17:57:08,140,11.0
1233,2017-04-26 17:57:03,146,11.0
1234,2017-04-26 17:56:39,150,13.0
1235,2017-04-26 17:23:29,145,11.5
1236,2017-04-26 17:15:57,145,9.5
1237,2017-08-30 00:55:23,150,10.0
1238,2017-04-26 15:56:33,150,10.5
1239,2017-04-26 15:56:29,151,9.5
1240,2017-08-26 15:23:57,170,7.0
1241,2017-08-26 15:18:15,150,9.5
1242,2017-08-25 17:33:34,130,10.5
1243,2017-04-26 15:50:13,142,9.5
1244,2017-04-26 15:22:23,142,9.5
1245,2017-04-26 15:15:41,151,11.0
1246,2017-08-16 13:17:54,191,10.0
1247,2017-04-26 14:38:48,189,9.5
1248,2017-04-26 14:04:11,189,12.0
1249,2017-04-26 13:16:58,150,9.5
1250,2017-08-24 03:20:19,150,9.5
1251,2017-04-25 18:46:56,200,10.0
1252,2017-04-25 18:24:27,200,8.5
1253,2017-08-24 16:45:16,130,10.5
1254,2017-08-23 23:22:07,132,10.5
1255,2017-04-25 17:43:49,160,11.0
1256,2017-08-23 17:44:28,160,10.5
1257,2017-08-23 14:02:29,160,10.5
1258,2017-08-22 23:46:15,132,10.5
1259,2017-08-22 19:38:12,147,9.0
1260,2017-08-22 15:39:15,140,10.5
1261,2017-08-21 21:18:27,120,8.0
1262,2017-04-25 17:13:30,155,8.5
1263,2017-04-25 16:02:01,175,10.5
1264,2017-08-21 21:17:28,140,10.5
1265,2017-08-20 04:01:32,147,9.0
1266,2017-08-15 12:57:46,191,9.5
1267,2017-06-11 15:27:38,185,8.5
1268,2017-04-25 15:08:47,160,11.5
1269,2017-08-21 02:44:25,140,10.5
1270,2017-08-15 15:50:50,180,8.5
1271,2017-08-06 15:32:13,201,11.5
1272,2017-04-25 14:48:50,160,11.0
1273,2017-04-25 14:39:37,160,11.5
1274,2017-08-17 17:39:43,174,11.5
1275,2017-04-25 14:28:42,175,11.0
1276,2017-04-24 16:15:58,177,10.0
1277,2017-04-24 15:28:14,160,12.0
1278,2017-08-15 23:30:12,135,9.5
1279,2017-08-15 17:45:30,183,10.0
1280,2017-08-15 09:09:28,174,11.5
1281,2017-08-15 01:28:46,125,12.0
1282,2017-04-24 15:03:32,165,11.0
1283,2017-08-12 23:28:52,130,11.0
1284,2017-08-12 21:28:02,145,12.0
1285,2017-04-21 02:14:27,170,7.0
1286,2017-08-15 03:42:59,135,9.5
1287,2017-08-14 19:44:43,120,8.5
1288,2017-08-12 18:10:35,183,10.0
1289,2017-07-27 16:16:50,191,10.0
1290,2017-04-20 17:35:42,200,12.0
1291,2017-08-13 02:45:57,125,12.0
1292,2017-08-11 01:16:22,120,8.5
1293,2017-08-10 17:38:51,96,8.0
1294,2017-08-12 01:04:16,145,12.0
1295,2017-07-27 13:58:38,180,8.5
1296,2017-08-10 00:08:50,96,8.0
1297,2017-08-05 21:27:22,149,8.5
1298,2017-08-08 18:59:04,120,10.0
1299,2017-08-05 23:25:00,131,8.5
1300,2017-08-07 21:23:43,125,13.0
1301,2017-08-07 15:41:54,140,11.0
1302,2017-06-14 15:05:01,216,12.0
1303,2017-08-06 04:40:19,150,9.5
1304,2017-08-05 04:07:06,140,11.0
1305,2017-08-04 05:13:57,125,13.0
1306,2017-08-03 19:36:33,165,11.0
1307,2017-08-02 17:36:58,145,10.5
1308,2017-08-05 01:58:25,149,8.5
1309,2017-08-02 15:26:43,131,8.5
1310,2017-08-02 19:36:45,120,13.0
1311,2017-08-01 12:29:41,185,10.0
1312,2017-08-03 01:23:59,150,6.0
1313,2017-08-03 00:12:43,165,11.0
1314,2017-08-02 19:35:22,150,9.5
1315,2017-08-01 21:24:11,150,10.0
1316,2017-08-01 15:40:23,130,11.5
1317,2017-08-02 02:43:23,120,13.0
1318,2017-08-01 18:15:13,150,6.0
1319,2017-08-01 17:34:14,155,7.5
1320,2017-08-01 17:26:53,149,10.0
1321,2017-08-01 14:30:55,201,11.5
1322,2017-08-01 12:31:27,175,8.0
1323,2017-08-01 10:31:57,145,10.5
1324,2017-08-01 03:44:23,150,9.5
1325,2017-08-01 01:27:48,135,8.5
1326,2017-07-31 19:32:43,147,12.0
1327,2017-07-31 23:45:42,130,11.5
1328,2017-07-31 21:28:45,130,10.5
1329,2017-07-31 19:34:32,150,10.0
1330,2017-07-31 19:32:31,149,10.0
1331,2017-07-31 14:18:27,185,10.0
1332,2017-07-31 03:54:42,155,7.5
1333,2017-07-31 08:55:57,135,8.5
1334,2017-07-31 02:04:32,147,12.0
1335,2017-07-30 23:56:39,149,10.0
1336,2017-07-30 17:35:58,130,10.5
1337,2017-06-15 06:31:23,175,8.0
1338,2017-07-22 17:16:49,140,11.0
1339,2017-07-22 17:16:49,130,10.5
1340,2017-07-22 17:16:49,121,10.0
1341,2017-07-24 19:27:44,145,10.5
1342,2017-07-24 17:41:52,130,10.5
1343,2017-07-24 17:40:36,150,8.5
1344,2017-07-22 17:19:16,135,10.5
1345,2017-07-22 17:19:16,135,8.5
1346,2017-07-07 13:07:50,211,10.0
1347,2017-07-24 12:37:34,130,10.5
1348,2017-07-23 18:53:27,150,8.5
1349,2017-07-21 16:19:18,145,10.5
1350,2017-07-20 17:56:09,110,8.0
1351,2017-07-21 16:48:01,135,10.5
1352,2017-07-21 16:45:10,135,8.5
1353,2017-07-19 23:10:51,140,11.0
1354,2017-07-19 23:10:02,130,10.5
1355,2017-07-19 23:09:55,121,10.0
1356,2017-07-19 19:45:34,148,10.5
1357,2017-07-19 01:43:35,115,9.0
1358,2017-07-20 00:59:41,110,8.0
1359,2017-07-19 01:44:32,140,9.5
1360,2017-07-18 23:25:14,110,12.0
1361,2017-07-17 14:18:37,156,9.5
1362,2017-07-17 03:53:05,148,10.5
1363,2017-07-15 03:40:18,110,12.0
1364,2017-07-15 22:39:50,156,9.5
1365,2017-07-11 01:10:52,149,9.5
1366,2017-07-12 21:45:29,140,10.5
1367,2017-07-11 01:02:54,140,12.0
1368,2017-07-08 07:50:16,191,10.0
1369,2017-07-07 22:54:28,116,11.0
1370,2017-07-12 00:00:58,140,10.5
1371,2017-07-10 23:03:39,135,9.0
1372,2017-07-10 19:02:31,125,12.0
1373,2017-07-10 17:04:31,125,11.5
1374,2017-05-20 20:32:25,191,9.5
1375,2017-07-10 21:02:54,140,11.0
1376,2017-07-10 15:14:07,123,12.0
1377,2017-07-06 23:01:59,155,13.0
1378,2017-07-06 21:00:57,145,9.5
1379,2017-07-10 00:25:14,140,12.0
1380,2017-07-09 18:10:27,125,12.0
1381,2017-07-09 06:33:38,135,9.0
1382,2017-07-09 05:04:18,140,11.0
1383,2017-07-08 00:37:21,125,11.5
1384,2017-07-07 21:02:50,123,12.0
1385,2017-07-07 17:04:28,124,12.0
1386,2017-07-07 03:09:20,149,9.5
1387,2017-07-06 17:04:36,123,12.0
1388,2017-07-06 17:01:54,175,8.5
1389,2017-07-07 14:05:40,175,10.0
1390,2017-07-06 23:04:46,150,11.0
1391,2017-07-06 12:33:05,150,9.0
1392,2017-07-06 04:40:32,150,11.5
1393,2017-07-05 14:00:14,150,10.5
1394,2017-07-04 20:49:59,150,10.5
1395,2017-07-04 04:43:39,150,9.0
1396,2017-07-03 23:45:34,150,9.5
1397,2017-07-03 20:20:09,150,10.5
1398,2017-07-03 13:53:58,150,9.0
1399,2017-07-03 06:43:17,150,10.5
1400,2017-07-02 21:49:52,150,9.0
1401,2017-07-02 21:11:38,150,10.5
1402,2017-07-01 22:56:27,200,12.0
1403,2017-06-22 14:50:20,191,11.0
1404,2017-07-06 22:09:37,150,11.0
1405,2017-07-06 13:00:21,150,9.0
1406,2017-07-06 09:57:21,123,12.0
1407,2017-07-06 07:34:38,150,11.5
1408,2017-07-05 23:01:33,124,12.0
1409,2017-07-05 15:34:18,164,10.5
1410,2017-07-05 14:17:41,150,10.5
1411,2017-07-05 05:28:32,170,9.5
1412,2017-07-04 22:36:48,150,10.5
1413,2017-07-04 15:33:43,170,9.5
1414,2017-07-04 07:02:57,150,9.0
1415,2017-07-03 22:42:45,150,9.5
1416,2017-07-03 22:28:56,150,10.5
1417,2017-07-03 14:20:21,150,9.0
1418,2017-07-03 07:23:00,164,9.0
1419,2017-07-03 06:45:48,164,11.5
1420,2017-07-03 06:15:48,164,12.0
1421,2017-07-03 05:53:25,164,10.0
1422,2017-07-03 05:01:08,150,10.5
1423,2017-07-03 04:38:20,164,10.5
1424,2017-07-02 23:45:37,150,9.0
1425,2017-07-02 21:00:48,150,10.5
1426,2017-07-02 13:36:46,164,10.0
1427,2017-07-02 12:40:29,164,8.0
1428,2017-07-02 12:19:54,216,10.5
1429,2017-07-02 00:06:23,200,12.0
1430,2017-07-01 23:22:45,164,9.5
1431,2017-07-01 06:54:25,150,10.0
1432,2017-07-06 12:37:23,145,9.5
1433,2017-07-05 23:14:11,120,9.5
1434,2017-07-05 20:52:03,155,13.0
1435,2017-07-05 18:23:48,175,8.5
1436,2017-07-04 09:29:38,123,12.0
1437,2017-07-01 17:59:32,130,11.0
1438,2017-06-21 14:46:57,211,10.0
1439,2017-07-05 13:10:45,120,11.5
1440,2017-07-05 13:08:08,120,10.0
1441,2017-07-05 13:08:08,120,9.5
1442,2017-07-05 13:08:07,120,9.0
1443,2017-07-05 13:07:12,120,9.5
1444,2017-07-05 06:42:00,124,12.0
1445,2017-07-02 06:18:37,164,10.5
1446,2017-07-01 15:00:48,145,10.0
1447,2017-07-01 14:59:38,125,10.0
1448,2017-06-29 06:34:54,139,8.5
1449,2017-06-21 14:15:43,191,9.5
1450,2017-07-01 15:03:36,120,11.5
1451,2017-07-01 15:00:47,120,9.5
1452,2017-07-01 15:00:47,120,10.0
1453,2017-07-01 15:00:46,120,9.0
1454,2017-07-01 14:59:38,120,9.5
1455,2017-06-29 14:00:48,170,9.5
1456,2017-07-02 16:02:55,206,12.0
1457,2017-07-02 15:31:07,216,10.5
1458,2017-07-02 13:14:29,164,10.0
1459,2017-07-02 06:34:53,164,10.5
1460,2017-07-01 22:36:51,164,9.5
1461,2017-07-01 21:18:23,200,12.0
1462,2017-07-01 04:37:57,150,10.0
1463,2017-06-30 23:49:20,150,10.5
1464,2017-06-30 23:24:23,150,11.0
1465,2017-06-30 22:54:29,150,9.5
1466,2017-06-30 22:14:11,150,10.0
1467,2017-06-30 20:44:45,150,10.0
1468,2017-06-30 13:34:45,160,9.0
1469,2017-06-30 12:36:12,145,8.0
1470,2017-06-30 06:55:24,150,10.5
1471,2017-06-29 23:53:36,164,8.5
1472,2017-06-29 15:57:11,150,10.0
1473,2017-06-29 14:45:30,191,9.0
1474,2017-06-29 14:36:46,180,11.5
1475,2017-06-29 13:57:34,170,10.0
1476,2017-06-29 13:02:52,150,10.0
1477,2017-06-29 12:41:35,170,9.5
1478,2017-06-28 21:41:23,180,8.0
1479,2017-06-28 12:55:40,150,10.0
1480,2017-06-28 07:26:50,175,8.5
1481,2017-06-27 13:58:53,150,9.0
1482,2017-07-01 20:58:52,164,12.0
1483,2017-07-01 20:57:53,164,11.5
1484,2017-06-30 12:45:41,140,11.5
1485,2017-06-28 17:53:43,150,11.5
1486,2017-07-01 07:19:23,164,8.0
1487,2017-06-29 14:03:58,206,12.0
1488,2017-06-29 13:04:20,216,10.5
1489,2017-06-29 06:50:19,170,9.5
1490,2017-06-30 04:59:08,120,9.5
1491,2017-06-30 04:58:24,125,10.0
1492,2017-06-29 21:56:43,120,9.0
1493,2017-06-29 21:56:17,120,10.0
1494,2017-06-29 21:55:09,120,9.5
1495,2017-06-29 21:51:14,145,10.0
1496,2017-06-28 23:14:00,120,11.5
1497,2017-06-27 23:14:46,139,8.5
1498,2017-06-27 21:26:00,125,10.0
1499,2017-06-29 03:00:17,145,8.0
1500,2017-06-27 19:39:33,135,11.0
1501,2017-06-27 18:59:03,140,11.5
1502,2017-06-25 11:39:46,201,12.0
1503,2017-06-28 02:51:42,150,11.5
1504,2017-06-26 15:49:52,150,9.5
1505,2017-06-26 23:20:42,134,9.5
1506,2017-06-26 20:30:18,135,11.0
1507,2017-06-26 12:59:56,125,10.0
1508,2017-06-23 13:42:22,145,9.0
1509,2017-06-23 05:32:39,139,8.5
1510,2017-06-21 17:54:02,145,11.5
1511,2017-06-25 20:31:15,150,9.5
1512,2017-06-25 15:42:03,206,12.0
1513,2017-06-25 08:35:14,134,9.5
1514,2017-06-22 23:18:26,130,11.0
1515,2017-06-22 01:19:08,134,9.5
1516,2017-06-22 01:17:42,140,11.0
1517,2017-06-18 07:38:36,175,8.5
1518,2017-06-24 13:24:16,201,12.0
1519,2017-06-22 05:29:28,170,10.0
1520,2017-06-22 13:43:35,160,10.0
1521,2017-06-20 17:04:17,145,9.0
1522,2017-06-21 09:23:09,160,10.0
1523,2017-06-20 13:11:32,175,12.0
1524,2017-06-20 09:27:26,160,9.5
1525,2017-06-19 14:32:23,175,8.5
1526,2017-06-18 22:59:24,170,9.5
1527,2017-06-18 17:21:13,135,10.0
1528,2017-06-18 17:19:28,140,10.5
1529,2017-06-18 05:31:59,134,9.5
1530,2017-06-17 06:45:21,140,11.0
1531,2017-06-17 06:11:09,211,10.0
1532,2017-06-16 17:49:07,133,9.5
1533,2017-06-15 15:07:12,200,8.0
1534,2017-06-20 13:22:27,135,11.0
1535,2017-06-19 23:19:06,136,12.0
1536,2017-06-19 21:38:59,160,10.0
1537,2017-06-17 19:26:38,134,9.5
1538,2017-06-16 21:21:54,130,11.0
1539,2017-06-19 01:30:23,160,9.5
1540,2017-06-18 01:54:11,136,12.0
1541,2017-06-16 21:00:38,155,11.5
1542,2017-06-15 23:12:07,135,11.0
1543,2017-05-17 23:13:21,191,9.5
1544,2017-06-17 22:57:02,170,8.5
1545,2017-06-15 10:05:13,135,10.0
1546,2017-06-14 06:25:03,140,10.5
1547,2017-06-02 12:36:18,170,9.5
1548,2017-06-16 15:12:10,134,9.5
1549,2017-06-16 14:41:31,185,10.0
1550,2017-06-14 15:24:32,175,8.5
1551,2017-05-30 21:05:51,170,9.5
1552,2017-06-15 06:26:26,120,10.0
1553,2017-06-14 15:55:06,152,13.0
1554,2017-06-07 05:05:14,185,10.5
1555,2017-06-02 14:59:07,180,11.0
1556,2017-06-15 13:33:21,132,10.0
1557,2017-06-14 01:34:20,160,13.5
1558,2017-06-13 23:38:55,175,8.0
1559,2017-06-13 01:19:57,120,8.5
1560,2017-06-10 12:31:10,135,11.0
1561,2017-06-08 07:33:09,175,10.5
1562,2017-06-14 13:43:56,138,10.5
1563,2017-06-14 13:34:14,152,13.0
1564,2017-06-14 08:26:50,120,10.0
1565,2017-06-13 01:18:57,132,10.0
1566,2017-05-12 13:44:59,191,8.0
1567,2017-06-13 13:57:06,130,11.0
1568,2017-06-13 13:57:05,132,9.5
1569,2017-06-12 22:27:26,135,10.0
1570,2017-06-12 10:07:31,160,13.5
1571,2017-06-11 12:53:34,185,8.0
1572,2017-06-10 03:19:30,110,7.0
1573,2017-06-09 17:51:03,138,10.5
1574,2017-06-12 13:49:42,130,13.0
1575,2017-06-12 13:37:22,134,9.5
1576,2017-06-09 21:25:28,130,11.0
1577,2017-06-09 19:35:37,135,10.0
1578,2017-06-09 13:55:37,132,9.5
1579,2017-06-08 17:39:51,120,8.5
1580,2017-06-08 13:57:38,128,9.5
1581,2017-06-07 23:58:38,132,10.0
1582,2017-06-08 17:43:27,130,13.0
1583,2017-06-08 13:58:22,134,9.5
1584,2017-06-02 00:12:36,185,10.0
1585,2017-06-08 22:18:41,130,11.0
1586,2017-06-08 17:30:14,138,10.5
1587,2017-06-08 07:21:15,185,10.0
1588,2017-06-07 23:21:28,110,9.0
1589,2017-06-07 21:24:27,110,7.0
1590,2017-06-08 13:59:07,139,8.0
1591,2017-06-08 13:49:32,140,12.0
1592,2017-06-07 15:28:16,130,13.0
1593,2017-06-06 22:57:47,165,10.5
1594,2017-06-06 13:52:15,130,9.5
1595,2017-06-06 13:39:45,184,7.5
1596,2017-06-06 05:24:45,165,10.0
1597,2017-06-02 12:19:06,201,9.0
1598,2017-05-17 20:26:05,185,8.5
1599,2017-06-07 13:48:20,110,11.0
1600,2017-06-07 13:46:05,130,7.0
1601,2017-06-06 23:21:11,120,9.0
1602,2017-06-06 23:17:49,120,12.0
1603,2017-06-06 22:34:58,165,11.0
1604,2017-06-06 21:58:36,134,9.5
1605,2017-06-06 14:14:22,128,9.5
1606,2017-06-04 21:18:17,125,12.0
1607,2017-06-03 19:15:41,140,12.0
1608,2017-06-02 15:07:59,185,10.0
1609,2017-05-29 06:15:33,151,10.5
1610,2017-06-06 13:52:14,148,10.5
1611,2017-06-06 13:32:42,145,9.0
1612,2017-06-06 05:49:30,120,9.0
1613,2017-06-05 21:23:30,110,11.0
1614,2017-06-05 21:22:04,130,7.0
1615,2017-06-04 21:18:18,125,10.0
1616,2017-06-04 21:18:18,125,9.5
1617,2017-06-03 21:12:54,120,12.0
1618,2017-06-02 12:48:13,185,10.5
1619,2017-06-03 06:18:19,149,10.5
1620,2017-06-02 22:20:21,110,11.0
1621,2017-06-02 01:23:09,130,9.5
1622,2017-06-02 01:20:46,130,9.5
1623,2017-06-02 01:20:45,148,10.5
1624,2017-06-02 01:17:30,145,9.0
1625,2017-06-02 01:15:32,130,7.0
1626,2017-05-27 12:24:27,184,7.5
1627,2017-06-02 20:36:00,125,9.5
1628,2017-06-02 20:35:07,125,10.0
1629,2017-06-02 20:34:48,125,12.0
1630,2017-06-02 16:52:16,127,12.0
1631,2017-06-02 23:29:08,140,12.0
1632,2017-06-02 08:04:50,149,10.5
1633,2017-06-01 09:18:44,135,10.0
1634,2017-06-01 09:17:43,175,7.5
1635,2017-06-01 03:21:44,142,10.0
1636,2017-05-31 21:21:49,140,8.0
1637,2017-05-27 15:12:53,127,12.0
1638,2017-06-01 14:03:55,130,10.0
1639,2017-05-31 09:17:15,140,8.0
1640,2017-05-31 01:36:17,130,9.5
1641,2017-05-31 01:29:54,148,10.5
1642,2017-05-31 01:14:40,130,10.0
1643,2017-05-30 23:16:16,125,12.0
1644,2017-05-30 15:20:06,135,13.0
1645,2017-05-29 12:32:36,160,10.0
1646,2017-05-28 14:39:20,145,9.0
1647,2017-05-26 22:39:44,191,11.5
1648,2017-05-31 05:19:16,142,10.0
1649,2017-05-31 01:13:30,125,12.0
1650,2017-05-30 21:18:00,130,10.0
1651,2017-05-30 19:16:37,125,11.0
1652,2017-05-30 16:53:42,175,7.5
1653,2017-05-30 15:57:20,140,8.0
1654,2017-05-30 14:00:07,135,9.0
1655,2017-05-30 07:09:30,130,10.0
1656,2017-05-29 16:39:21,125,12.0
1657,2017-05-29 04:29:10,140,8.0
1658,2017-05-28 18:55:55,125,11.0
1659,2017-05-27 20:54:45,130,10.0
1660,2017-05-27 15:57:47,135,13.0
1661,2017-05-27 03:11:45,125,10.5
1662,2017-05-26 20:58:45,125,12.0
1663,2017-05-26 03:13:26,139,7.0
1664,2017-05-25 13:34:07,135,12.0
1665,2017-05-25 13:33:30,130,9.5
1666,2017-05-25 13:32:35,135,9.0
1667,2017-05-23 12:53:42,185,10.5
1668,2017-05-12 16:11:52,191,10.0
1669,2017-05-27 13:35:44,127,12.0
1670,2017-05-25 13:59:05,185,11.5
1671,2017-05-24 21:31:47,125,10.5
1672,2017-05-23 21:10:06,135,10.0
1673,2017-05-23 14:41:45,216,12.0
1674,2017-05-25 13:24:51,135,13.0
1675,2017-05-25 03:23:45,139,7.0
1676,2017-05-24 03:05:53,149,10.5
1677,2017-05-23 19:22:54,140,10.5
1678,2017-05-12 13:43:34,191,11.5
1679,2017-05-23 21:09:35,135,13.0
1680,2017-05-23 18:39:45,135,9.0
1681,2017-05-19 21:16:31,126,12.0
1682,2017-05-23 13:38:53,149,10.5
1683,2017-05-23 13:38:35,135,10.5
1684,2017-05-22 01:48:17,140,10.5
1685,2017-05-20 17:13:53,130,9.5
1686,2017-05-20 11:31:44,135,10.0
1687,2017-05-20 02:31:08,149,10.5
1688,2017-05-20 00:14:32,135,13.0
1689,2017-05-19 03:06:28,145,10.5
1690,2017-05-20 21:07:18,149,10.5
1691,2017-05-20 17:14:11,135,10.5
1692,2017-05-19 01:06:53,130,8.5
1693,2017-05-12 13:50:31,191,11.0
1694,2017-05-16 13:02:43,135,10.5
1695,2017-05-16 12:59:03,135,10.5
1696,2017-05-16 11:14:09,150,13.0
1697,2017-05-16 05:34:37,140,12.0
1698,2017-05-14 01:06:18,130,9.0
1699,2017-05-13 19:09:18,140,8.5
1700,2017-05-13 17:06:06,140,9.5
1701,2017-05-13 17:06:06,137,9.5
1702,2017-05-12 13:04:10,185,8.5
1703,2017-05-13 21:09:41,135,10.5
1704,2017-05-13 21:09:37,135,10.5
1705,2017-05-12 15:20:20,130,10.5
1706,2017-05-12 11:15:24,150,9.0
1707,2017-05-11 21:54:03,150,13.0
1708,2017-05-11 19:17:51,140,10.0
1709,2017-05-12 13:09:05,148,12.0
1710,2017-05-11 13:35:58,150,10.0
1711,2017-05-11 06:13:08,135,11.0
1712,2017-05-11 06:11:30,148,12.0
1713,2017-05-11 03:01:45,130,10.5
1714,2017-05-10 20:52:03,140,9.5
1715,2017-05-10 18:34:47,140,10.0
1716,2017-05-10 14:36:54,150,9.0
1717,2017-05-10 03:08:27,145,9.5
1718,2017-05-09 17:53:45,148,12.0
1719,2017-05-09 11:20:23,150,10.0
1720,2017-05-09 15:57:15,155,13.0
1721,2017-05-09 06:10:09,130,11.0
1722,2017-05-08 22:30:31,70,10.0
1723,2017-05-08 21:20:58,136,9.0
1724,2017-05-08 21:18:14,170,14.0
1725,2017-05-07 19:27:19,145,9.5
1726,2017-05-08 13:46:28,145,12.0
1727,2017-05-08 02:35:31,136,9.0
1728,2017-05-07 03:29:46,150,10.0
1729,2017-05-06 17:40:51,130,11.0
1730,2017-05-06 15:08:14,170,14.0
1731,2017-05-06 06:08:51,145,10.5
1732,2017-05-05 23:09:44,155,13.0
1733,2017-05-05 23:09:38,160,13.0
1734,2017-05-05 12:44:24,150,10.0
1735,2017-05-05 09:13:50,120,10.0
1736,2017-05-05 06:10:47,145,9.5
1737,2017-05-05 03:09:10,145,12.0
1738,2017-05-04 17:18:15,169,9.5
1739,2017-05-04 19:13:30,145,10.5
1740,2017-05-05 14:09:19,130,13.0
1741,2017-05-05 13:38:40,150,9.5
1742,2017-05-05 13:34:26,145,9.0
1743,2017-05-05 13:07:00,144,12.0
1744,2017-05-05 02:15:20,155,13.0
1745,2017-05-05 01:16:20,160,13.0
1746,2017-05-04 14:53:29,145,11.0
1747,2017-05-04 13:25:33,130,13.0
1748,2017-05-03 06:43:10,145,12.0
1749,2017-05-03 03:09:25,150,9.5
1750,2017-05-02 21:08:55,144,12.0
1751,2017-05-02 19:10:16,145,9.0
1752,2017-05-02 03:43:26,169,9.5
1753,2017-05-03 15:19:26,155,9.5
1754,2017-05-03 14:56:33,135,12.0
1755,2017-05-03 13:58:39,135,12.0
1756,2017-05-03 13:22:05,149,11.5
1757,2017-05-02 20:58:49,135,8.5
1758,2017-05-02 13:34:00,130,13.0
1759,2017-05-02 06:08:28,145,11.0
1760,2017-05-02 06:11:39,155,9.5
1761,2017-05-01 21:09:30,149,11.5
1762,2017-05-01 21:08:49,135,12.0
1763,2017-04-29 06:07:53,135,12.0
1764,2017-05-02 03:53:20,144,12.0
1765,2017-05-01 23:54:52,150,9.5
1766,2017-05-01 14:03:38,140,8.5
1767,2017-05-01 13:53:33,135,9.5
1768,2017-05-01 01:37:53,150,9.5
1769,2017-04-30 22:31:34,149,11.5
1770,2017-04-30 03:41:31,135,12.0
1771,2017-04-29 20:11:27,145,11.0
1772,2017-04-29 11:06:58,141,11.0
1773,2017-04-29 06:07:26,141,12.0
1774,2017-04-29 06:06:16,145,9.5
1775,2017-04-28 19:29:51,145,9.0
1776,2017-04-27 23:05:04,110,11.5
1777,2017-04-27 04:03:31,220,7.0
1778,2017-04-27 01:08:18,155,11.0
1779,2017-04-28 12:45:53,165,10.5
1780,2017-04-28 12:45:51,150,11.0
1781,2017-04-28 11:09:22,150,8.5
1782,2017-04-28 04:28:20,141,11.0
1783,2017-04-28 03:41:06,141,12.0
1784,2017-04-27 23:05:33,135,9.5
1785,2017-04-27 23:05:10,135,9.5
1786,2017-04-27 23:05:05,125,10.0
1787,2017-04-27 23:05:05,130,10.0
1788,2017-04-27 23:05:04,130,9.0
1789,2017-04-27 23:05:04,140,8.5
1790,2017-04-27 23:05:03,135,9.5
1791,2017-04-27 23:03:47,135,9.0
1792,2017-04-27 08:45:41,145,9.5
1793,2017-04-27 14:10:53,187,13.0
1794,2017-04-27 13:17:07,139,9.0
1795,2017-04-27 13:12:24,139,10.5
1796,2017-04-27 12:48:51,140,11.0
1797,2017-04-27 12:48:47,136,13.0
1798,2017-04-27 12:48:09,149,8.5
1799,2017-04-27 06:07:09,137,12.0
1800,2017-04-26 21:45:50,135,9.5
1801,2017-04-26 17:13:06,169,8.0
1802,2017-04-26 16:28:33,135,9.5
1803,2017-04-26 15:34:08,125,10.0
1804,2017-04-26 15:30:21,130,10.0
1805,2017-04-26 15:25:17,110,11.5
1806,2017-04-26 15:23:44,140,8.5
1807,2017-04-26 15:19:27,130,9.0
1808,2017-04-26 15:15:04,135,9.5
1809,2017-04-26 06:07:29,165,10.5
1810,2017-04-26 06:07:16,150,11.5
1811,2017-04-26 06:06:59,165,10.5
1812,2017-04-26 06:06:21,150,11.0
1813,2017-04-26 06:06:14,165,10.5
1814,2017-04-24 20:39:38,135,9.0
1815,2017-04-26 15:30:54,125,10.0
1816,2017-04-26 15:23:57,140,11.0
1817,2017-04-26 15:14:12,145,11.5
1818,2017-04-26 15:12:37,145,9.5
1819,2017-04-26 15:12:34,151,9.5
1820,2017-04-26 15:11:33,150,10.5
1821,2017-04-26 15:11:33,142,9.5
1822,2017-04-26 14:07:18,137,12.0
1823,2017-04-26 13:39:57,150,13.0
1824,2017-04-26 13:36:13,141,12.0
1825,2017-04-26 13:35:07,166,11.0
1826,2017-04-26 13:28:36,155,10.5
1827,2017-04-26 13:18:17,155,11.0
1828,2017-04-26 13:14:09,146,11.0
1829,2017-04-26 11:09:00,187,13.0
1830,2017-04-26 06:08:32,149,8.5
1831,2017-04-25 23:08:07,139,9.0
1832,2017-04-25 23:08:05,139,10.5
1833,2017-04-25 17:20:43,153,11.5
1834,2017-04-25 15:25:37,136,13.0
1835,2017-04-25 15:25:37,140,11.0
1836,2017-04-25 02:52:07,169,8.0
1837,2017-04-21 02:14:19,220,7.0
1838,2017-04-25 15:21:16,160,10.5
1839,2017-04-25 15:20:45,160,11.0
1840,2017-04-25 15:20:32,155,8.5
1841,2017-04-25 15:19:31,200,8.5
1842,2017-04-25 14:30:25,200,10.0
1843,2017-04-25 10:26:49,149,8.5
1844,2017-04-25 02:39:32,153,11.5
1845,2017-04-24 20:39:23,139,9.0
1846,2017-04-24 20:13:24,139,10.5
1847,2017-04-24 19:14:06,146,11.0
1848,2017-04-24 19:12:13,166,11.0
1849,2017-04-24 13:29:22,142,9.5
1850,2017-04-24 13:29:21,145,11.5
1851,2017-04-24 00:31:16,165,10.5
1852,2017-04-23 20:01:02,150,11.5
1853,2017-04-23 10:23:13,165,10.5
1854,2017-04-22 19:05:27,145,9.5
1855,2017-04-22 19:05:27,151,11.0
1856,2017-04-22 19:05:27,150,9.5
1857,2017-04-22 19:05:25,151,9.5
1858,2017-04-22 17:05:36,189,9.5
1859,2017-04-22 17:05:35,189,12.0
1860,2017-04-22 15:59:39,150,11.0
1861,2017-04-22 12:09:00,165,10.5
1862,2017-04-22 11:06:37,155,10.5
1863,2017-04-22 11:06:37,155,11.0
1864,2017-04-22 04:07:08,187,13.0
1865,2017-04-21 15:20:32,141,12.0
1866,2017-04-21 15:20:27,142,9.5
1867,2017-04-21 15:20:27,150,10.5
1868,2017-04-21 15:20:27,150,13.0
1869,2017-04-23 18:08:52,146,11.0
1870,2017-04-22 21:05:35,160,11.0
1871,2017-04-22 21:05:30,160,11.0
1872,2017-04-22 21:05:28,155,8.5
1873,2017-04-21 23:05:22,175,11.0
1874,2017-04-21 19:15:18,160,12.0
1875,2017-04-21 17:18:42,160,11.5
1876,2017-04-21 15:20:44,160,10.5
1877,2017-04-21 13:18:36,177,10.0
1878,2017-04-21 13:18:30,165,11.0
1879,2017-04-21 06:09:28,160,11.5
1880,2017-04-21 06:08:47,200,8.5
1881,2017-04-21 06:08:24,200,10.0
1882,2017-04-20 14:15:15,166,11.0
1883,2017-04-23 17:51:22,142,9.5
1884,2017-04-23 17:50:54,145,11.5
1885,2017-04-20 23:40:31,155,10.5
1886,2017-04-20 23:40:28,155,11.0
1887,2017-04-20 21:42:23,160,11.0
1888,2017-04-20 20:06:37,189,9.5
1889,2017-04-20 19:49:17,189,12.0
1890,2017-04-20 19:12:27,160,11.0
1891,2017-04-20 18:04:48,155,8.5
1892,2017-04-20 13:44:30,175,11.0
1893,2017-04-21 05:57:35,160,12.0
1894,2017-04-20 23:20:52,160,11.5
1895,2017-04-20 20:16:16,142,9.5
1896,2017-04-20 20:15:02,150,10.5
1897,2017-04-20 20:14:54,150,13.0
1898,2017-04-20 17:35:48,177,10.0
1899,2017-04-20 16:47:44,160,11.5
1900,2017-04-20 14:29:10,165,11.0
1901,2017-04-19 17:32:27,200,8.5
1902,2017-04-19 02:19:50,200,10.0
1903,2017-04-20 15:19:09,200,12.0
1904,2017-04-19 13:19:38,200,12.0
